[{"model": "admin.logentry", "pk": 1, "fields": {"action_time": "2022-04-15T14:55:17.203Z", "user": 1, "content_type": 7, "object_id": "1", "object_repr": "loreynascounter.example.com", "action_flag": 2, "change_message": "[{\"changed\": {\"fields\": [\"Domain name\", \"Display name\"]}}]"}}, {"model": "admin.logentry", "pk": 2, "fields": {"action_time": "2022-04-15T15:02:55.517Z", "user": 1, "content_type": 7, "object_id": "1", "object_repr": "loreynascounter.example.com", "action_flag": 2, "change_message": "[{\"changed\": {\"fields\": [\"Display name\"]}}]"}}, {"model": "admin.logentry", "pk": 3, "fields": {"action_time": "2022-04-15T15:06:13.477Z", "user": 1, "content_type": 8, "object_id": "1", "object_repr": "lpmunsch@gmail.com", "action_flag": 1, "change_message": "[{\"added\": {}}]"}}, {"model": "admin.logentry", "pk": 4, "fields": {"action_time": "2022-04-19T20:30:49.235Z", "user": 1, "content_type": 13, "object_id": "1", "object_repr": "Thanalan", "action_flag": 1, "change_message": "[{\"added\": {}}]"}}, {"model": "admin.logentry", "pk": 5, "fields": {"action_time": "2022-04-19T20:33:12.805Z", "user": 1, "content_type": 13, "object_id": "2", "object_repr": "the_shroud", "action_flag": 1, "change_message": "[{\"added\": {}}]"}}, {"model": "admin.logentry", "pk": 6, "fields": {"action_time": "2022-04-19T20:33:24.216Z", "user": 1, "content_type": 13, "object_id": "1", "object_repr": "thanalan", "action_flag": 2, "change_message": "[{\"changed\": {\"fields\": [\"Area name\"]}}]"}}, {"model": "admin.logentry", "pk": 7, "fields": {"action_time": "2022-04-19T20:34:44.717Z", "user": 1, "content_type": 13, "object_id": "3", "object_repr": "la_noscea", "action_flag": 1, "change_message": "[{\"added\": {}}]"}}, {"model": "admin.logentry", "pk": 8, "fields": {"action_time": "2022-04-19T20:37:12.249Z", "user": 1, "content_type": 15, "object_id": "1", "object_repr": "uldah", "action_flag": 1, "change_message": "[{\"added\": {}}]"}}, {"model": "admin.logentry", "pk": 9, "fields": {"action_time": "2022-04-19T20:39:11.187Z", "user": 1, "content_type": 15, "object_id": "2", "object_repr": "northern_thanalan", "action_flag": 1, "change_message": "[{\"added\": {}}]"}}, {"model": "admin.logentry", "pk": 10, "fields": {"action_time": "2022-04-19T20:40:44.333Z", "user": 1, "content_type": 15, "object_id": "3", "object_repr": "western_thanalan", "action_flag": 1, "change_message": "[{\"added\": {}}]"}}, {"model": "admin.logentry", "pk": 11, "fields": {"action_time": "2022-04-19T20:41:08.802Z", "user": 1, "content_type": 15, "object_id": "4", "object_repr": "central_thanalan", "action_flag": 1, "change_message": "[{\"added\": {}}]"}}, {"model": "admin.logentry", "pk": 12, "fields": {"action_time": "2022-04-19T20:41:24.711Z", "user": 1, "content_type": 15, "object_id": "5", "object_repr": "eastern_thanalan", "action_flag": 1, "change_message": "[{\"added\": {}}]"}}, {"model": "admin.logentry", "pk": 13, "fields": {"action_time": "2022-04-19T20:41:49.691Z", "user": 1, "content_type": 15, "object_id": "6", "object_repr": "southern_thanalan", "action_flag": 1, "change_message": "[{\"added\": {}}]"}}, {"model": "admin.logentry", "pk": 14, "fields": {"action_time": "2022-04-19T20:42:20.836Z", "user": 1, "content_type": 15, "object_id": "7", "object_repr": "gold_saucer", "action_flag": 1, "change_message": "[{\"added\": {}}]"}}, {"model": "admin.logentry", "pk": 15, "fields": {"action_time": "2022-04-19T20:42:56.356Z", "user": 1, "content_type": 13, "object_id": "2", "object_repr": "the_black_shroud", "action_flag": 2, "change_message": "[{\"changed\": {\"fields\": [\"Area name\", \"Area description\", \"Friendly area name\"]}}]"}}, {"model": "admin.logentry", "pk": 16, "fields": {"action_time": "2022-04-19T20:45:22.412Z", "user": 1, "content_type": 15, "object_id": "8", "object_repr": "middle_la_noscea", "action_flag": 1, "change_message": "[{\"added\": {}}]"}}, {"model": "admin.logentry", "pk": 17, "fields": {"action_time": "2022-04-19T20:45:49.218Z", "user": 1, "content_type": 15, "object_id": "9", "object_repr": "lower_la_noscea", "action_flag": 1, "change_message": "[{\"added\": {}}]"}}, {"model": "admin.logentry", "pk": 18, "fields": {"action_time": "2022-04-19T20:51:26.842Z", "user": 1, "content_type": 14, "object_id": "1", "object_repr": "Summerford Farms", "action_flag": 1, "change_message": "[{\"added\": {}}]"}}, {"model": "admin.logentry", "pk": 19, "fields": {"action_time": "2022-04-19T20:57:33.724Z", "user": 1, "content_type": 13, "object_id": "4", "object_repr": "mor_dhona", "action_flag": 1, "change_message": "[{\"added\": {}}]"}}, {"model": "admin.logentry", "pk": 20, "fields": {"action_time": "2022-04-19T21:02:04.430Z", "user": 1, "content_type": 13, "object_id": "5", "object_repr": "coerthas", "action_flag": 1, "change_message": "[{\"added\": {}}]"}}, {"model": "admin.logentry", "pk": 21, "fields": {"action_time": "2022-04-19T21:20:55.324Z", "user": 1, "content_type": 13, "object_id": "6", "object_repr": "dravania", "action_flag": 1, "change_message": "[{\"added\": {}}]"}}, {"model": "admin.logentry", "pk": 22, "fields": {"action_time": "2022-04-19T21:21:44.731Z", "user": 1, "content_type": 13, "object_id": "3", "object_repr": "la_noscea", "action_flag": 2, "change_message": "[{\"changed\": {\"fields\": [\"Area description\"]}}]"}}, {"model": "admin.logentry", "pk": 23, "fields": {"action_time": "2022-04-19T21:22:29.910Z", "user": 1, "content_type": 13, "object_id": "2", "object_repr": "the_black_shroud", "action_flag": 2, "change_message": "[]"}}, {"model": "admin.logentry", "pk": 24, "fields": {"action_time": "2022-04-19T21:22:50.470Z", "user": 1, "content_type": 13, "object_id": "1", "object_repr": "thanalan", "action_flag": 2, "change_message": "[]"}}, {"model": "admin.logentry", "pk": 25, "fields": {"action_time": "2022-04-21T13:50:28.922Z", "user": 1, "content_type": 14, "object_id": "2", "object_repr": "Ul'Dah - Steps of Nald", "action_flag": 1, "change_message": "[{\"added\": {}}]"}}, {"model": "admin.logentry", "pk": 26, "fields": {"action_time": "2022-04-21T13:52:26.483Z", "user": 1, "content_type": 14, "object_id": "3", "object_repr": "Horizon", "action_flag": 1, "change_message": "[{\"added\": {}}]"}}, {"model": "admin.logentry", "pk": 27, "fields": {"action_time": "2022-04-21T13:54:08.518Z", "user": 1, "content_type": 14, "object_id": "4", "object_repr": "Mor Dhona", "action_flag": 1, "change_message": "[{\"added\": {}}]"}}, {"model": "admin.logentry", "pk": 28, "fields": {"action_time": "2022-04-21T13:55:12.615Z", "user": 1, "content_type": 14, "object_id": "5", "object_repr": "Black Brush Station", "action_flag": 1, "change_message": "[{\"added\": {}}]"}}, {"model": "admin.logentry", "pk": 29, "fields": {"action_time": "2022-04-21T13:56:10.325Z", "user": 1, "content_type": 14, "object_id": "6", "object_repr": "Camp Drybone", "action_flag": 1, "change_message": "[{\"added\": {}}]"}}, {"model": "admin.logentry", "pk": 30, "fields": {"action_time": "2022-04-21T13:57:26.173Z", "user": 1, "content_type": 14, "object_id": "7", "object_repr": "Forgotten Springs", "action_flag": 1, "change_message": "[{\"added\": {}}]"}}, {"model": "admin.logentry", "pk": 31, "fields": {"action_time": "2022-04-21T13:59:30.889Z", "user": 1, "content_type": 14, "object_id": "8", "object_repr": "Little Ala Mhigo", "action_flag": 1, "change_message": "[{\"added\": {}}]"}}, {"model": "admin.logentry", "pk": 32, "fields": {"action_time": "2022-04-21T14:00:39.531Z", "user": 1, "content_type": 14, "object_id": "9", "object_repr": "Camp Bluefog", "action_flag": 1, "change_message": "[{\"added\": {}}]"}}, {"model": "admin.logentry", "pk": 33, "fields": {"action_time": "2022-04-21T20:04:16.166Z", "user": 1, "content_type": 14, "object_id": "9", "object_repr": "Camp Bluefog", "action_flag": 2, "change_message": "[{\"changed\": {\"fields\": [\"Image\"]}}]"}}, {"model": "admin.logentry", "pk": 34, "fields": {"action_time": "2022-04-21T20:28:19.300Z", "user": 1, "content_type": 14, "object_id": "9", "object_repr": "Camp Bluefog", "action_flag": 2, "change_message": "[{\"changed\": {\"fields\": [\"Image url\", \"Image\"]}}]"}}, {"model": "admin.logentry", "pk": 35, "fields": {"action_time": "2022-04-21T20:30:18.985Z", "user": 1, "content_type": 14, "object_id": "10", "object_repr": "Ceruleum Processing Plant", "action_flag": 1, "change_message": "[{\"added\": {}}]"}}, {"model": "admin.logentry", "pk": 36, "fields": {"action_time": "2022-04-21T20:58:50.567Z", "user": 1, "content_type": 14, "object_id": "9", "object_repr": "Camp Bluefog", "action_flag": 2, "change_message": "[{\"changed\": {\"fields\": [\"Image url\", \"Image\"]}}]"}}, {"model": "admin.logentry", "pk": 37, "fields": {"action_time": "2022-04-21T20:59:11.879Z", "user": 1, "content_type": 14, "object_id": "9", "object_repr": "Camp Bluefog", "action_flag": 2, "change_message": "[{\"changed\": {\"fields\": [\"Image\"]}}]"}}, {"model": "admin.logentry", "pk": 38, "fields": {"action_time": "2022-04-21T20:59:44.796Z", "user": 1, "content_type": 14, "object_id": "10", "object_repr": "Ceruleum Processing Plant", "action_flag": 2, "change_message": "[{\"changed\": {\"fields\": [\"Image url\", \"Image\"]}}]"}}, {"model": "admin.logentry", "pk": 39, "fields": {"action_time": "2022-04-21T21:02:39.060Z", "user": 1, "content_type": 14, "object_id": "3", "object_repr": "Horizon", "action_flag": 2, "change_message": "[{\"changed\": {\"fields\": [\"Dest description\", \"Image\"]}}]"}}, {"model": "admin.logentry", "pk": 40, "fields": {"action_time": "2022-04-21T21:04:52.534Z", "user": 1, "content_type": 14, "object_id": "5", "object_repr": "Black Brush Station", "action_flag": 2, "change_message": "[{\"changed\": {\"fields\": [\"Dest description\", \"Image\"]}}]"}}, {"model": "admin.logentry", "pk": 41, "fields": {"action_time": "2022-04-21T21:05:09.059Z", "user": 1, "content_type": 14, "object_id": "5", "object_repr": "Black Brush Station", "action_flag": 2, "change_message": "[]"}}, {"model": "admin.logentry", "pk": 42, "fields": {"action_time": "2022-04-21T21:07:15.142Z", "user": 1, "content_type": 14, "object_id": "6", "object_repr": "Camp Drybone", "action_flag": 2, "change_message": "[{\"changed\": {\"fields\": [\"Dest description\", \"Image\"]}}]"}}, {"model": "admin.logentry", "pk": 43, "fields": {"action_time": "2022-04-21T21:08:54.770Z", "user": 1, "content_type": 14, "object_id": "7", "object_repr": "Forgotten Springs", "action_flag": 2, "change_message": "[{\"changed\": {\"fields\": [\"Dest description\", \"Image\"]}}]"}}, {"model": "admin.logentry", "pk": 44, "fields": {"action_time": "2022-04-22T12:59:18.841Z", "user": 1, "content_type": 14, "object_id": "8", "object_repr": "Little Ala Mhigo", "action_flag": 2, "change_message": "[{\"changed\": {\"fields\": [\"Image\"]}}]"}}, {"model": "admin.logentry", "pk": 45, "fields": {"action_time": "2022-04-22T13:00:42.149Z", "user": 1, "content_type": 14, "object_id": "4", "object_repr": "Mor Dhona", "action_flag": 2, "change_message": "[{\"changed\": {\"fields\": [\"Image\"]}}]"}}, {"model": "admin.logentry", "pk": 46, "fields": {"action_time": "2022-04-22T13:17:24.611Z", "user": 1, "content_type": 14, "object_id": "1", "object_repr": "Summerford Farms", "action_flag": 2, "change_message": "[{\"changed\": {\"fields\": [\"Image\"]}}]"}}, {"model": "admin.logentry", "pk": 47, "fields": {"action_time": "2022-04-22T15:24:54.318Z", "user": 1, "content_type": 14, "object_id": "5", "object_repr": "Black Brush Station", "action_flag": 2, "change_message": "[{\"changed\": {\"fields\": [\"Image\"]}}]"}}, {"model": "admin.logentry", "pk": 48, "fields": {"action_time": "2022-04-22T15:24:59.449Z", "user": 1, "content_type": 14, "object_id": "9", "object_repr": "Camp Bluefog", "action_flag": 2, "change_message": "[{\"changed\": {\"fields\": [\"Image\"]}}]"}}, {"model": "admin.logentry", "pk": 49, "fields": {"action_time": "2022-04-22T15:25:03.751Z", "user": 1, "content_type": 14, "object_id": "6", "object_repr": "Camp Drybone", "action_flag": 2, "change_message": "[{\"changed\": {\"fields\": [\"Image\"]}}]"}}, {"model": "admin.logentry", "pk": 50, "fields": {"action_time": "2022-04-22T15:25:09.116Z", "user": 1, "content_type": 14, "object_id": "10", "object_repr": "Ceruleum Processing Plant", "action_flag": 2, "change_message": "[{\"changed\": {\"fields\": [\"Image\"]}}]"}}, {"model": "admin.logentry", "pk": 51, "fields": {"action_time": "2022-04-22T15:25:14.358Z", "user": 1, "content_type": 14, "object_id": "7", "object_repr": "Forgotten Springs", "action_flag": 2, "change_message": "[{\"changed\": {\"fields\": [\"Image\"]}}]"}}, {"model": "admin.logentry", "pk": 52, "fields": {"action_time": "2022-04-22T15:25:19.461Z", "user": 1, "content_type": 14, "object_id": "3", "object_repr": "Horizon", "action_flag": 2, "change_message": "[{\"changed\": {\"fields\": [\"Image\"]}}]"}}, {"model": "admin.logentry", "pk": 53, "fields": {"action_time": "2022-04-22T15:25:24.162Z", "user": 1, "content_type": 14, "object_id": "8", "object_repr": "Little Ala Mhigo", "action_flag": 2, "change_message": "[{\"changed\": {\"fields\": [\"Image\"]}}]"}}, {"model": "admin.logentry", "pk": 54, "fields": {"action_time": "2022-04-22T15:25:28.985Z", "user": 1, "content_type": 14, "object_id": "8", "object_repr": "Little Ala Mhigo", "action_flag": 2, "change_message": "[]"}}, {"model": "admin.logentry", "pk": 55, "fields": {"action_time": "2022-04-22T15:25:34.235Z", "user": 1, "content_type": 14, "object_id": "4", "object_repr": "Mor Dhona", "action_flag": 2, "change_message": "[{\"changed\": {\"fields\": [\"Image\"]}}]"}}, {"model": "admin.logentry", "pk": 56, "fields": {"action_time": "2022-04-22T15:25:39.868Z", "user": 1, "content_type": 14, "object_id": "1", "object_repr": "Summerford Farms", "action_flag": 2, "change_message": "[{\"changed\": {\"fields\": [\"Image\"]}}]"}}, {"model": "admin.logentry", "pk": 57, "fields": {"action_time": "2022-04-22T15:25:47.554Z", "user": 1, "content_type": 14, "object_id": "2", "object_repr": "Ul'Dah - Steps of Nald", "action_flag": 2, "change_message": "[]"}}, {"model": "admin.logentry", "pk": 58, "fields": {"action_time": "2022-04-22T20:47:53.432Z", "user": 1, "content_type": 14, "object_id": "1", "object_repr": "Summerford Farms", "action_flag": 2, "change_message": "[{\"changed\": {\"fields\": [\"Image\"]}}]"}}, {"model": "admin.logentry", "pk": 59, "fields": {"action_time": "2022-04-22T20:48:02.276Z", "user": 1, "content_type": 14, "object_id": "8", "object_repr": "Little Ala Mhigo", "action_flag": 2, "change_message": "[{\"changed\": {\"fields\": [\"Image\"]}}]"}}, {"model": "admin.logentry", "pk": 60, "fields": {"action_time": "2022-04-22T20:48:12.305Z", "user": 1, "content_type": 14, "object_id": "5", "object_repr": "Black Brush Station", "action_flag": 2, "change_message": "[]"}}, {"model": "admin.logentry", "pk": 61, "fields": {"action_time": "2022-04-22T20:48:24.647Z", "user": 1, "content_type": 14, "object_id": "6", "object_repr": "Camp Drybone", "action_flag": 2, "change_message": "[{\"changed\": {\"fields\": [\"Image\"]}}]"}}, {"model": "admin.logentry", "pk": 62, "fields": {"action_time": "2022-04-22T20:48:32.248Z", "user": 1, "content_type": 14, "object_id": "3", "object_repr": "Horizon", "action_flag": 2, "change_message": "[{\"changed\": {\"fields\": [\"Image\"]}}]"}}, {"model": "admin.logentry", "pk": 63, "fields": {"action_time": "2022-04-23T22:37:01.068Z", "user": 1, "content_type": 14, "object_id": "5", "object_repr": "Black Brush Station", "action_flag": 2, "change_message": "[{\"changed\": {\"fields\": [\"Image\"]}}]"}}, {"model": "admin.logentry", "pk": 64, "fields": {"action_time": "2022-04-23T22:37:11.097Z", "user": 1, "content_type": 14, "object_id": "9", "object_repr": "Camp Bluefog", "action_flag": 2, "change_message": "[{\"changed\": {\"fields\": [\"Image\"]}}]"}}, {"model": "admin.logentry", "pk": 65, "fields": {"action_time": "2022-04-23T22:37:20.633Z", "user": 1, "content_type": 14, "object_id": "10", "object_repr": "Ceruleum Processing Plant", "action_flag": 2, "change_message": "[{\"changed\": {\"fields\": [\"Image\"]}}]"}}, {"model": "admin.logentry", "pk": 66, "fields": {"action_time": "2022-04-23T22:37:34.545Z", "user": 1, "content_type": 14, "object_id": "7", "object_repr": "Forgotten Springs", "action_flag": 2, "change_message": "[{\"changed\": {\"fields\": [\"Image\"]}}]"}}, {"model": "admin.logentry", "pk": 67, "fields": {"action_time": "2022-04-23T22:37:44.456Z", "user": 1, "content_type": 14, "object_id": "4", "object_repr": "Mor Dhona", "action_flag": 2, "change_message": "[{\"changed\": {\"fields\": [\"Image\"]}}]"}}, {"model": "admin.logentry", "pk": 68, "fields": {"action_time": "2022-04-23T22:37:56.634Z", "user": 1, "content_type": 14, "object_id": "2", "object_repr": "Ul'Dah - Steps of Nald", "action_flag": 2, "change_message": "[{\"changed\": {\"fields\": [\"Image\"]}}]"}}, {"model": "admin.logentry", "pk": 69, "fields": {"action_time": "2022-04-23T22:40:26.500Z", "user": 1, "content_type": 15, "object_id": "10", "object_repr": "the-gold-saucer", "action_flag": 1, "change_message": "[{\"added\": {}}]"}}, {"model": "admin.logentry", "pk": 70, "fields": {"action_time": "2022-04-23T22:40:41.226Z", "user": 1, "content_type": 15, "object_id": "10", "object_repr": "the_gold_saucer", "action_flag": 2, "change_message": "[{\"changed\": {\"fields\": [\"District name\"]}}]"}}, {"model": "admin.logentry", "pk": 71, "fields": {"action_time": "2022-04-23T22:47:37.252Z", "user": 1, "content_type": 14, "object_id": "11", "object_repr": "The Gold Saucer", "action_flag": 1, "change_message": "[{\"added\": {}}]"}}, {"model": "admin.logentry", "pk": 72, "fields": {"action_time": "2022-04-23T22:53:30.870Z", "user": 1, "content_type": 15, "object_id": "11", "object_repr": "the_goblet", "action_flag": 1, "change_message": "[{\"added\": {}}]"}}, {"model": "admin.logentry", "pk": 73, "fields": {"action_time": "2022-04-23T22:55:58.477Z", "user": 1, "content_type": 14, "object_id": "12", "object_repr": "The Goblet", "action_flag": 1, "change_message": "[{\"added\": {}}]"}}, {"model": "admin.logentry", "pk": 74, "fields": {"action_time": "2022-05-04T21:55:15.304Z", "user": 1, "content_type": 17, "object_id": "2", "object_repr": "1B2EB58D51B34691B6409725631EA483", "action_flag": 3, "change_message": ""}}, {"model": "admin.logentry", "pk": 75, "fields": {"action_time": "2022-05-04T21:55:15.306Z", "user": 1, "content_type": 17, "object_id": "1", "object_repr": "BA2673CDDBEC48A088B09D11610BC8E3", "action_flag": 3, "change_message": ""}}, {"model": "admin.logentry", "pk": 76, "fields": {"action_time": "2022-05-04T22:11:38.790Z", "user": 1, "content_type": 17, "object_id": "3", "object_repr": "88502694C41146A084E3E90AA2AD1B55", "action_flag": 3, "change_message": ""}}, {"model": "admin.logentry", "pk": 77, "fields": {"action_time": "2022-05-04T22:11:52.345Z", "user": 1, "content_type": 17, "object_id": "6", "object_repr": "2D4744FAAFCD42CA9AE547AE76B8F241", "action_flag": 2, "change_message": "[]"}}, {"model": "admin.logentry", "pk": 78, "fields": {"action_time": "2022-05-05T21:16:57.089Z", "user": 1, "content_type": 17, "object_id": "9", "object_repr": "38DC87B38B3049439B02242F9E4FA1D3", "action_flag": 2, "change_message": "[{\"changed\": {\"name\": \"order line item\", \"object\": \"the-goblet on order 38DC87B38B3049439B02242F9E4FA1D3\", \"fields\": [\"Quantity\"]}}]"}}, {"model": "admin.logentry", "pk": 79, "fields": {"action_time": "2022-05-05T21:17:34.440Z", "user": 1, "content_type": 17, "object_id": "9", "object_repr": "38DC87B38B3049439B02242F9E4FA1D3", "action_flag": 2, "change_message": "[{\"changed\": {\"name\": \"order line item\", \"object\": \"the-goblet on order 38DC87B38B3049439B02242F9E4FA1D3\", \"fields\": [\"Quantity\"]}}]"}}, {"model": "admin.logentry", "pk": 80, "fields": {"action_time": "2022-05-06T16:04:50.415Z", "user": 1, "content_type": 17, "object_id": "26", "object_repr": "AE2B3BD093BF4DF995B4CD8C16FFBB79", "action_flag": 2, "change_message": "[{\"added\": {\"name\": \"order line item\", \"object\": \"horizon on order AE2B3BD093BF4DF995B4CD8C16FFBB79\"}}]"}}, {"model": "admin.logentry", "pk": 81, "fields": {"action_time": "2022-05-07T22:18:01.973Z", "user": 1, "content_type": 17, "object_id": "34", "object_repr": "F4B69CE8D95943F3AD2ED07B4491EB8D", "action_flag": 2, "change_message": "[{\"changed\": {\"fields\": [\"User profile\"]}}]"}}, {"model": "admin.logentry", "pk": 82, "fields": {"action_time": "2022-05-07T22:18:09.136Z", "user": 1, "content_type": 17, "object_id": "33", "object_repr": "50E457E9B8C6476EB9EE29C93E68873E", "action_flag": 2, "change_message": "[{\"changed\": {\"fields\": [\"User profile\"]}}]"}}, {"model": "admin.logentry", "pk": 83, "fields": {"action_time": "2022-05-07T22:18:59.405Z", "user": 1, "content_type": 17, "object_id": "31", "object_repr": "25569B1D571A444E8A88F212AE792201", "action_flag": 2, "change_message": "[{\"changed\": {\"fields\": [\"User profile\"]}}]"}}, {"model": "admin.logentry", "pk": 86, "fields": {"action_time": "2022-05-09T20:23:59.963Z", "user": 1, "content_type": 4, "object_id": "1", "object_repr": "admin4987", "action_flag": 2, "change_message": "[{\"changed\": {\"fields\": [\"Email address\"]}}]"}}, {"model": "admin.logentry", "pk": 87, "fields": {"action_time": "2022-05-09T21:23:14.588Z", "user": 1, "content_type": 13, "object_id": "8", "object_repr": "ytytytytytytytytytytytytytytytytytytytytytytytytyt", "action_flag": 3, "change_message": ""}}, {"model": "admin.logentry", "pk": 88, "fields": {"action_time": "2022-05-11T22:14:51.027Z", "user": 1, "content_type": 4, "object_id": "3", "object_repr": "tutor", "action_flag": 3, "change_message": ""}}, {"model": "admin.logentry", "pk": 89, "fields": {"action_time": "2022-05-11T22:14:51.029Z", "user": 1, "content_type": 4, "object_id": "4", "object_repr": "tutor2", "action_flag": 3, "change_message": ""}}, {"model": "auth.user", "pk": 1, "fields": {"password": "pbkdf2_sha256$260000$CXz5dX0T2DFufgb3OWujde$tFDZe4etJ35ZaBbtJqz6JtIX3kC/sNs8RbsLv6epiZ8=", "last_login": "2022-05-11T22:14:33.273Z", "is_superuser": true, "username": "admin4987", "first_name": "", "last_name": "", "email": "lpmunsch@gmail.com", "is_staff": true, "is_active": true, "date_joined": "2022-04-15T13:53:45Z", "groups": [], "user_permissions": []}}, {"model": "auth.user", "pk": 2, "fields": {"password": "pbkdf2_sha256$260000$6tbzuTjqp8vxn9GkQaASxd$gmG80QTtBkf8hPiT4k3iTxcWSv2QP8ukUKNkQvg+3SU=", "last_login": "2022-05-11T19:51:57.181Z", "is_superuser": false, "username": "Sammy", "first_name": "", "last_name": "", "email": "sammy.munsch17@gmail.com", "is_staff": false, "is_active": true, "date_joined": "2022-05-07T19:30:12.484Z", "groups": [], "user_permissions": []}}, {"model": "sessions.session", "pk": "2o3fy4nujtafajsr9fq8vzijex1af6o7", "fields": {"session_data": ".eJxVjDsOwjAQBe_iGqz1n6RMzxmitb0mAWRLdkKDuDuJlALaN_PmzUZcl2lcG9Vxjqxngp1-N4_hQXkH8Y75Vngoeamz57vCD9r4tUR6Dof7F5iwTdtbInrrhE7pIp1MAo3tFAUbdPIRO3QGDKlOISgnAIC0NSAtSI1gVcQt2vBF5zmnwvqlrvT5ArbKPRM:1nmNDs:dkf6NH6rS7g8ikMkR7T0sDPvyzOYqEMr24WNtxD6K08", "expire_date": "2022-05-18T22:11:52.403Z"}}, {"model": "sessions.session", "pk": "7h0kpgo4gua3wclbae7r55x94uu4c16r", "fields": {"session_data": "e30:1nn5KZ:u6BVVdZjDMejDLo_w-jYTZ207me3o4MtLe8UNUpukJU", "expire_date": "2022-05-20T21:17:43.585Z"}}, {"model": "sessions.session", "pk": "bhlpf4lpwvkauitf45zr9g4tutuqi62p", "fields": {"session_data": "e30:1nn5LT:5hhd448yn4oMbz3Q1AI6PAtzHtfkKb5HXDJwJzDUkmY", "expire_date": "2022-05-20T21:18:39.252Z"}}, {"model": "sessions.session", "pk": "bn5d1qynjk77fpil1qvl654315s0rvv0", "fields": {"session_data": ".eJxVjMsKwjAQAP8lZwnpI9vH0bvfEDa7GxuVRJoWFPHfpdKDXmeGeSmH6zK5tcjsIqtRVerwyzzSVdIm-ILpnDXltMzR6y3Ruy36lFlux739G0xYpm2LATpTs2BXmXrwbGwFQLX1bQtsfJC-a4QaMa0VIhp6sA3aAMCBQ_-dFikl5uTkcY_zU43m_QGUBz-h:1nothB:WuHB9Z00Ufs0n4uuPq9HD4uFxq6BFF8XI-_W8WIsQSk", "expire_date": "2022-05-25T21:16:33.164Z"}}, {"model": "sessions.session", "pk": "d6oor79uqqxk9mp6dvil2lxyka10nv9n", "fields": {"session_data": ".eJxVjMsOwiAQRf-FtSHDW1y67zeQAQapGkhKuzL-uzbpQrf3nHNfLOC21rANWsKc2YUJdvrdIqYHtR3kO7Zb56m3dZkj3xV-0MGnnul5Pdy_g4qjfmuJGK0TupSzdLIINNYrSjbpEjN6dAYMKa8QlBMAQNoakBakRrAqI3t_AN1kNyE:1nguIY:Ybdc-KiVLQxpSDAYirs7zYC3dDLMDhxzS63BtWgxid0", "expire_date": "2022-05-03T20:18:06.001Z"}}, {"model": "sessions.session", "pk": "e50w1t78t70lltaegthm90jdwi3w4whw", "fields": {"session_data": ".eJxVjDsOgzAQRO-yNbLW_-Ayfc6A1vY6kCCQ-CgF4u4JEQ3NFPPezAYf6nteIGwgIcgK9D8VBLNX0NC6tM0689R0GcJPuXSR0puHA-QXDc9RpHFYpi6KQxEnncVjzNzfT_dy0NLc_taKKDovTSk35VWRZF2tOblkSsxUk7doWdeaUHuJiGycReVQGUKnM8H-BSRPPko:1niisw:weiLlphX-N3qF824totuiJTxfeNUKs74RJYgbIbNxUs", "expire_date": "2022-05-08T20:31:10.627Z"}}, {"model": "sessions.session", "pk": "fc49ehcplytsnukd0d3njcuro2gumna3", "fields": {"session_data": ".eJxVjMsOwiAQAP-FsyHQlqX16L3fQJbdRaoGkj5Oxn83JD3odWYybxXw2HM4NlnDwuqqrLr8soj0lNIEP7Dcq6Za9nWJuiX6tJueK8vrdrZ_g4xbbltM4E3Hgt6abopsnAWgzsVhADYxyeh7oV7M4ISIphFcjy4BcOI0svp8AeHhOGQ:1noubb:cu3AYACT5_21rM-_T8AfYOanp9bHFucXMWnGq_Tda70", "expire_date": "2022-05-25T22:14:51.185Z"}}, {"model": "sessions.session", "pk": "fjjz4fx1tonrrcxukqfs42kh8x9g2vsk", "fields": {"session_data": ".eJxVjMsOwiAQRf-FtSHDW1y67zeQAQapGkhKuzL-uzbpQrf3nHNfLOC21rANWsKc2YUJdvrdIqYHtR3kO7Zb56m3dZkj3xV-0MGnnul5Pdy_g4qjfmuJGK0TupSzdLIINNYrSjbpEjN6dAYMKa8QlBMAQNoakBakRrAqI3t_AN1kNyE:1nhd1v:pypVpqgFX7eXSVuOsuI87PVS_19V5JnjY2Uie9RvHHI", "expire_date": "2022-05-05T20:03:55.586Z"}}, {"model": "sessions.session", "pk": "njq57wzp5qhqoojjotrrlljord0luqi8", "fields": {"session_data": ".eJxVjEEOgjAQRe_StWkYpraUpXvP0EzpjKCmTSi4Md5dSFjo9r_331sFWpcxrJXnMCXVK6NOv1uk4cF5B-lO-Vb0UPIyT1Hvij5o1deS-Hk53L_ASHXc3hIbTN4ZaFgYEjK4iB1RBOstOozWCKa2jSgebEdizwLgvUNuvLS8RSu9OExZiuqXeeXPF8tBPdI:1no9gt:ptgMI_0K8No4gTpM7bGk10vS_1gOzy-eNfd3IGF0rWU", "expire_date": "2022-05-23T20:09:11.797Z"}}, {"model": "sessions.session", "pk": "nsi7xc4pf0ygfqtn14dco0av2081jfku", "fields": {"session_data": ".eJxVjDsOgzAQBe_iOrHW_0CZPmdAa3sdSCwsYUgKxN0DEk3aN_NmZRU_dB3GVFibMFe6sA6Xue-WSlM3RNYywf42j-FN4wHiC8dn4aGM8zR4fij8pJU_SqR8P92_QI-1398S0VsndEo36WQSaGyjKNigk4_YoDNgSDUKQTkBAKStAWlBagSrIu7RL-ZMM2vXbfsBPkhBiQ:1nmw8u:b_NNkMOiI3fNRiz0Mb1vUjepJqIUvRLAh-MnpWbTihA", "expire_date": "2022-05-20T11:29:04.488Z"}}, {"model": "sessions.session", "pk": "oy46dmuhg4pi29rgmreoxn1hrzjv9t5u", "fields": {"session_data": ".eJxVjLkOgkAQht9larKZ2VMo7X0GMnuJSiDhiAXh3QWh0OrLfy5Q8zw19TymoX5EqICg-PU8h1fq9iA-ubv3IvTdNDy82CviTEdx62Nqr2f376DhsdnWktlbRzrni3QyExtbqhRs0NlHLtkZNEmVilE5QsSkrUFpUWpGqyJvp29u2zRBtYCCigogOiC_cIfADev6AT1SQPc:1nlFo4:epRNiW8pFGGkQ5q_KDPsUjQeQgbEAmZEhfJwiZxH8Zs", "expire_date": "2022-05-15T20:04:36.629Z"}}, {"model": "sessions.session", "pk": "p05wqmyyjh5xqye2tlddq25xc1wp4rcc", "fields": {"session_data": "eyJ3YWxsZXQiOnsiMSI6MX19:1nmxbh:y5cwY0go8gdt4rXFM4n2HZXRKg6IZtlMN_AnDVwga78", "expire_date": "2022-05-20T13:02:53.427Z"}}, {"model": "sessions.session", "pk": "tg6b8oyqce6lk2agw6nj91yvliucnqk7", "fields": {"session_data": ".eJxVjMsOgjAQRf-la9NM39Kle7-hmbaDoAQMhagh_LuQsGF7zrl3YR_sOpqYX5hgXq0XFnCemjAXGkObmd_wiUVML-p3kZ_YPwaehn4a28j3hB-28PuQqbsd7emgwdJsa4kYrRO6rq_SyVqgsZWiZJOuY8YKnQFDqlIIygkAIG0NSAtSI1iVcT8tVEo79IG-73b8MQ_rH2-EQ2s:1nmwBj:mTwdHr7m99VJwKam4g6eraNCNvEbGtOEbEmcF9gOTKE", "expire_date": "2022-05-20T11:31:59.021Z"}}, {"model": "sessions.session", "pk": "whvnwlnr6j1xw373uu9zvv55i5w0qmuc", "fields": {"session_data": "eyJ3YWxsZXQiOnsiMSI6MX19:1niNwF:tF37RbNBclX7Z6wzkCwHabC05Ie8BVJGb78F9n0CJZo", "expire_date": "2022-05-07T22:09:11.440Z"}}, {"model": "sessions.session", "pk": "wxp8512makvzoqmvyi8vguj9n7s0um91", "fields": {"session_data": "eyJ3YWxsZXQiOnsiMSI6MX19:1njSiE:fv_bq8nAFQI6S-Y6JgDgQcuozejiCIAxfVTu14GFZ6I", "expire_date": "2022-05-10T21:27:10.470Z"}}, {"model": "sessions.session", "pk": "x0vxfahgc3n4xgciwudt861xpwgs2hyd", "fields": {"session_data": "eyJ3YWxsZXQiOnsiMTIiOjJ9fQ:1njpQr:QLulaYuLfkOttQj_Qpar4qqnlrfsXC2KTNc1zRfYqOM", "expire_date": "2022-05-11T21:42:45.102Z"}}, {"model": "sessions.session", "pk": "xv95p7rkniin6thxk5ci6krcl8wovts0", "fields": {"session_data": ".eJxVjMsOgjAQRf9l1oRMH7TC0r3fQIZ2KihpDYWoIfy7krDQ7T3nnhVaWua-XTJP7eChAQHF79aRu3Pcgb9RvKbSpThPQ1fuSnnQXF6S5_F8uH-BnnL_fUuizlihQzhJK4OgytSKnXE6dJ5qshVWrGpFqKxARNamQmlQakKjPO3RzDkPKbb8egzTGxos4EnjyDM0Kxho9LZ9AMagQ3E:1nlzcw:QanOB-YVgxS9E7KAhVX2okG4uQbTcWR0SXnYcUeYpuA", "expire_date": "2022-05-17T21:00:10.189Z"}}, {"model": "sessions.session", "pk": "zvgbpunbi8dnoos9stqwbepfuidx2dgp", "fields": {"session_data": "eyJ3YWxsZXQiOnsiMSI6MX19:1nmLag:fJZZN_nCB7gWBv6QqFHQNMLvfINiUOFtX78rKgbYzss", "expire_date": "2022-05-18T20:27:18.489Z"}}, {"model": "sessions.session", "pk": "zzxvmwm1s7i6eajrg5nxlzaqnbu5kv4h", "fields": {"session_data": ".eJxVjMsOwiAQRf-FtSHDW1y67zeQAQapGkhKuzL-uzbpQrf3nHNfLOC21rANWsKc2YUJdvrdIqYHtR3kO7Zb56m3dZkj3xV-0MGnnul5Pdy_g4qjfmuJGK0TupSzdLIINNYrSjbpEjN6dAYMKa8QlBMAQNoakBakRrAqI3t_AN1kNyE:1ngWzO:YyTWxKGuNfWQCKB0Cy1RXS71x1RpituUetVxDmosGKU", "expire_date": "2022-05-02T19:24:46.085Z"}}, {"model": "sites.site", "pk": 1, "fields": {"domain": "loreynascounter.example.com", "name": "Loreyna's Aetheryte Ticket Counter"}}, {"model": "account.emailaddress", "pk": 1, "fields": {"user": 1, "email": "lpmunsch@gmail.com", "verified": true, "primary": true}}, {"model": "account.emailaddress", "pk": 2, "fields": {"user": 2, "email": "sammy.munsch17@gmail.com", "verified": true, "primary": true}}, {"model": "destinations.area", "pk": 1, "fields": {"area_name": "thanalan", "area_description": "Thanalan is the area surrounding Ul'dah, the Jewel of the Desert. It is split up into 5 different sections. These areas are largely barren, dry areas with sparse vegetation and little life to them. This has not stopped the various races from trying to set up outposts wherever they can, even if monsters constantly roam the lands nearby.", "friendly_area_name": "Thanalan"}}, {"model": "destinations.area", "pk": 2, "fields": {"area_name": "the_black_shroud", "area_description": "The Black Shroud is a dense forest that surrounds Gridania. It has been the home of the Elezen for generations, and they have used its bountiful lumber for crafting, while using the dense forest for their own protection from the outside world.", "friendly_area_name": "The Black Shroud"}}, {"model": "destinations.area", "pk": 3, "fields": {"area_name": "la_noscea", "area_description": "La Noscea is the marine region located in the south-eastern part of Eorzea, and Limsa Lominsa, one of the starting cities, is located in La Noscea.\r\nThe maritime metropolis is located in the south of the island Vylbrand that Aldenard precedes in the west, the Gulf of Rhotano.\r\nTheir patron deity is Llymlaen, the aerodrome controller, the goddess of seafarers.", "friendly_area_name": "La Noscea"}}, {"model": "destinations.area", "pk": 4, "fields": {"area_name": "mor_dhona", "area_description": "Mor Dhona is an inland region of Eorzea, and the site of the first aerial battle in recorded history — a conflict that took place above Silvertear Lake. The air was filled with the deafening roars of cannons from magitek engines and dragonkin alike. Locked in a deadly embrace, the thunderous impact of Midgardsormr and the dreadnought Agrius tolled their mutual demise.Even now, the carcass of the immense wyrm lies entwined with the wreckage of the Agrius in the center of the lake.", "friendly_area_name": "Mor Dhona"}}, {"model": "destinations.area", "pk": 5, "fields": {"area_name": "coerthas", "area_description": "In the central region of Abalathia's Spine, that great mountain range that spans Aldenard from east to west, can be found the forbidding highlands of Coerthas and the Holy See of Ishgard. Ishgard's formidable army of knights wages constant battle against its mortal enemies, the dragons. The legendary Dragoon has its roots in Ishgard, as it was here that their fighting style was developed.", "friendly_area_name": "Coerthas"}}, {"model": "destinations.area", "pk": 6, "fields": {"area_name": "dravania", "area_description": "The Dravanian hinterlands sit in the westernmost reaches of Abalathia's Spine, blessed with relatively lush vegetation due to waters carried through the area by the mighty Thaliak River. The region attained some fame as the seat of Sharlayan's colony, but this has faded in the fifteen years since the exodus. The settlement itself now largely stands unoccupied, a remnant of a lost time slowly being reclaimed by the land.", "friendly_area_name": "Dravania"}}, {"model": "destinations.area", "pk": 7, "fields": {"area_name": "abalathias_spine", "area_description": "Abalathia's Spine (sometimes shortened to just Abalathia) is a great mountain range in Final Fantasy XIV. Spanning the northern end of the continent of Aldenard from east to west, much of it remained inaccessible until the development of airship travel.", "friendly_area_name": "Abalathia's Spine"}}, {"model": "destinations.district", "pk": 1, "fields": {"district_name": "uldah", "area": 1, "friendly_district_name": "Ul'Dah"}}, {"model": "destinations.district", "pk": 2, "fields": {"district_name": "northern_thanalan", "area": 1, "friendly_district_name": "Northern Thanalan"}}, {"model": "destinations.district", "pk": 3, "fields": {"district_name": "western_thanalan", "area": 1, "friendly_district_name": "Western Thanalan"}}, {"model": "destinations.district", "pk": 4, "fields": {"district_name": "central_thanalan", "area": 1, "friendly_district_name": "Central Thanalan"}}, {"model": "destinations.district", "pk": 5, "fields": {"district_name": "eastern_thanalan", "area": 1, "friendly_district_name": "Eastern Thanalan"}}, {"model": "destinations.district", "pk": 6, "fields": {"district_name": "southern_thanalan", "area": 1, "friendly_district_name": "Southern Thanalan"}}, {"model": "destinations.district", "pk": 7, "fields": {"district_name": "gold_saucer", "area": 1, "friendly_district_name": "The Gold Saucer"}}, {"model": "destinations.district", "pk": 8, "fields": {"district_name": "middle_la_noscea", "area": 3, "friendly_district_name": "Middle La Noscea"}}, {"model": "destinations.district", "pk": 9, "fields": {"district_name": "lower_la_noscea", "area": 3, "friendly_district_name": "Lower La Noscea"}}, {"model": "destinations.district", "pk": 10, "fields": {"district_name": "the_gold_saucer", "area": 1, "friendly_district_name": "The Gold Saucer"}}, {"model": "destinations.district", "pk": 11, "fields": {"district_name": "the_goblet", "area": 1, "friendly_district_name": "The Goblet"}}, {"model": "destinations.district", "pk": 12, "fields": {"district_name": "the_sea_of_clouds", "area": 7, "friendly_district_name": "The Sea of Clouds"}}, {"model": "destinations.district", "pk": 13, "fields": {"district_name": "azys_lla", "area": 7, "friendly_district_name": "Azys Lla"}}, {"model": "destinations.destination", "pk": 1, "fields": {"name": "Summerford Farms", "district": 8, "area": 3, "slug": "summerford-farms", "description": "The Summerford Farms are located high above and a short chocobo ride from the ocean and easily accessible from the Upper Decks of Limsa Lominsa. Supplying the capital city their produce, their hopsitable inn is well received by adventurers, though the bandit camps nearby pose more threats to the farms than the myriad of bite-sized beasties in the vacinity.", "hotspot": false, "price": "265.00", "image_url": null, "image": "summerford-farms.png"}}, {"model": "destinations.destination", "pk": 2, "fields": {"name": "Ul'Dah - Steps of Nald", "district": 1, "area": 1, "slug": "uldah-steps-of-nald", "description": "The western part of Ul'dah, the Steps of Nald follow the curve of the outer city. At its center lies a busy street lines with shops, temples, and inns. With throngs of people wandering in at all times of day, the area is forever alive with the sounds of trade and conversation.", "hotspot": true, "price": "376.00", "image_url": null, "image": "uldah-steps-of-nald.png"}}, {"model": "destinations.destination", "pk": 3, "fields": {"name": "Horizon", "district": 3, "area": 1, "slug": "horizon", "description": "Along the Royal Allagan Sunway that connects Vesper Bay to Ul'dah, Horizon is home to a Brass Blades encampment there to ensure travelers and traders may pass safely between the harbors of Vesper Bay and Ul'dah proper. One can catch the first glimpse of dawn through Sunrise Gate to the east, and watch dusk fall through Sunset Gate to the west.", "hotspot": false, "price": "299.00", "image_url": null, "image": "horizon.png"}}, {"model": "destinations.destination", "pk": 4, "fields": {"name": "Mor Dhona", "district": null, "area": 4, "slug": "mor-dhona", "description": "Alongside the shores of Silvertear Lake, Mor Dhona lies very close to the center of Aldenard. As a key land route blessed with breathtaking scenery, the area once featured a lively collection of inns. During the Battle of Silvertear Skies, however, an extreme aetherial surge swept through the landscape transforming much of it into pure crystal. Though the cause remains a topic of discussion amongst scholars, the phenomenon was indisputably destructive, and now the place is a wasteland shrouded in mephitic mists.", "hotspot": true, "price": "472.00", "image_url": null, "image": "mor-dhona.png"}}, {"model": "destinations.destination", "pk": 5, "fields": {"name": "Black Brush Station", "district": 4, "area": 1, "slug": "black-brush-station", "description": "A marvel of modem innovation, the steam engine has transformed the mining industry, increasing efficiency and profits thrice over. I t has also led to the transformation of what was once a thinly manned aetheryte outpost into a thriving crossroads of labor and commerce - a new pillar to support the thriving Ul'dahn economy.", "hotspot": false, "price": "232.00", "image_url": null, "image": "black-brush-station.png"}}, {"model": "destinations.destination", "pk": 6, "fields": {"name": "Camp Drybone", "district": 5, "area": 1, "slug": "camp-drybone", "description": "Situated along the Royal Allagan Sunway connecting Ul'dah with Gridania, Camp Drybone sits perilously close to Amalj'aa territory. As such, it is home to a great host of Immortal Flames, who are ever on alert for beastman attacks.", "hotspot": false, "price": "396.00", "image_url": null, "image": "camp-drybone.png"}}, {"model": "destinations.destination", "pk": 7, "fields": {"name": "Forgotten Springs", "district": 6, "area": 1, "slug": "forgotten-springs", "description": "In this village dwells the U tribe of Miqo'te, who live on water from the oasis and game from the Sagolii Desert. In times past, it was a stop for traders on the road to Cape Deadwind, the southernmost point of Aldenard. After continued pirate attacks sent the coastal area into decline, however, fewer and fewer travelers passed through the Springs, and now Ul'dah has all but forgotten it exists.", "hotspot": false, "price": "456.00", "image_url": null, "image": "forgotten-springs.png"}}, {"model": "destinations.destination", "pk": 8, "fields": {"name": "Little Ala Mhigo", "district": 6, "area": 1, "slug": "little-ala-mhigo", "description": "Rejected bu the elementals of the Twelveswood and unable to adapt to Ul'dahn custom, Ala Mhigan refugees eventually settled in southern Thanalan. In exchange for supplies, the residents allow the Immortal Flames to maintain a presence, and Little Ala Mhigo now serves as a post whence to watch the movements of the Amalj'aa.", "hotspot": false, "price": "216.00", "image_url": null, "image": "little-ala-mhigo.png"}}, {"model": "destinations.destination", "pk": 9, "fields": {"name": "Camp Bluefog", "district": 2, "area": 1, "slug": "camp-bluefog", "description": "Camp Bluefog was built as a post whence armed men could patrol the Ceruleum Field. Originally, this duty fell to the Brass Blades and Stone Torches. With the Empire's forces a mere stone's throw away, however, the Immortal Flames have since taken command.", "hotspot": true, "price": "512.00", "image_url": null, "image": "camp-bluefog.png"}}, {"model": "destinations.destination", "pk": 10, "fields": {"name": "Ceruleum Processing Plant", "district": 2, "area": 1, "slug": "ceruleum-processing-plant", "description": "Operated by Amajina & Sons Mineral Concern, this plant refines raw ceruleum into a fuel for engines and other modern machinery. The Immortal Flames keep a heavy contingent of soldiers on hand to ensure that the facility and its precious product do not fall into enemy hands.", "hotspot": false, "price": "378.00", "image_url": null, "image": "ceruleum-processing-plant.png"}}, {"model": "destinations.destination", "pk": 11, "fields": {"name": "The Gold Saucer", "district": 10, "area": 1, "slug": "the-gold-saucer", "description": "An amusement park located at Southern Thanalan, founded and managed by the master goldsmith Godbert Manderville. It has a Cactuar known as \"Senor Sabotender\" as the official mascot of the park. Players can participate in different minigames such as the Triple Triad, Chocobo Racing, and many more to obtain a special currency known as MGP (Manderville Gold Saucer Points), which can be used to buy exclusive rewards in the park.", "hotspot": true, "price": "752.00", "image_url": null, "image": "the-gold-saucer.png"}}, {"model": "destinations.destination", "pk": 12, "fields": {"name": "The Goblet", "district": 11, "area": 1, "slug": "the-goblet", "description": "This is the residential section of Thanalan, where people can snatch up luxurious properties in order to make a base for themselves ofrtheir Free-Company.", "hotspot": true, "price": "498.00", "image_url": null, "image": "the-goblet.png"}}, {"model": "destinations.destination", "pk": 13, "fields": {"name": "Helix", "district": 13, "area": 7, "slug": "abalathias_spine-helix", "description": "A massive port of sorts that stands among the wastes of Azys Lla. According to a guidance node discovered near the ancient construct, it was one of the few imperial landings massive enough to house Ragnarok-class internment hulks. It would seem the docking rings that remain are but a fraction of those that stood in bygone days.", "hotspot": false, "price": "639.00", "image_url": null, "image": ""}}, {"model": "checkout.order", "pk": 4, "fields": {"order_number": "C55DBF78D8644671A9A20A15F42F1C6E", "user_profile": null, "full_name": "test", "email": "test@test.com", "phone_number": "07123456789", "town_or_city": "Camberley", "country": "UK", "date": "2022-05-04T22:01:41.623Z", "total_count": 5, "discount": "0.00", "order_total": "1976.00", "grand_total": "1976.00", "original_wallet": "", "stripe_pid": ""}}, {"model": "checkout.order", "pk": 5, "fields": {"order_number": "454E2517E71C4DA381179F23FE927BD8", "user_profile": null, "full_name": "test", "email": "test@test.com", "phone_number": "07123456789", "town_or_city": "Camberley", "country": "UK", "date": "2022-05-04T22:03:38.520Z", "total_count": 7, "discount": "501.20", "order_total": "2506.00", "grand_total": "2004.80", "original_wallet": "", "stripe_pid": ""}}, {"model": "checkout.order", "pk": 6, "fields": {"order_number": "2D4744FAAFCD42CA9AE547AE76B8F241", "user_profile": null, "full_name": "test", "email": "test@test.com", "phone_number": "07123456789", "town_or_city": "Camberley", "country": "UK", "date": "2022-05-04T22:09:20.980Z", "total_count": 9, "discount": "477.00", "order_total": "2385.00", "grand_total": "1908.00", "original_wallet": "", "stripe_pid": ""}}, {"model": "checkout.order", "pk": 7, "fields": {"order_number": "C12B3A4CAA66485CB8E7CE68824C3AF6", "user_profile": null, "full_name": "test", "email": "test@test.com", "phone_number": "07123456789", "town_or_city": "Camberley", "country": "UK", "date": "2022-05-05T15:06:19.422Z", "total_count": 5, "discount": "0.00", "order_total": "1495.00", "grand_total": "1495.00", "original_wallet": "", "stripe_pid": ""}}, {"model": "checkout.order", "pk": 8, "fields": {"order_number": "55D677AAB3BC461A874340CBE98ACB55", "user_profile": null, "full_name": "test", "email": "test@test.com", "phone_number": "07123456789", "town_or_city": "Camberley", "country": "UK", "date": "2022-05-05T19:56:51.857Z", "total_count": 1, "discount": "0.00", "order_total": "232.00", "grand_total": "232.00", "original_wallet": "", "stripe_pid": ""}}, {"model": "checkout.order", "pk": 9, "fields": {"order_number": "38DC87B38B3049439B02242F9E4FA1D3", "user_profile": null, "full_name": "Samantha Munsch", "email": "sammy.munsch17@gmail.com", "phone_number": "07933933993", "town_or_city": "Camberley", "country": "UK", "date": "2022-05-05T21:13:58.742Z", "total_count": 5, "discount": "498.00", "order_total": "2490.00", "grand_total": "1992.00", "original_wallet": "", "stripe_pid": ""}}, {"model": "checkout.order", "pk": 10, "fields": {"order_number": "E9D72C5D9B814F1B8E0649AB507E3C7F", "user_profile": null, "full_name": "test", "email": "test@test.com", "phone_number": "07123456789", "town_or_city": "Camberley", "country": "UK", "date": "2022-05-06T07:52:14.543Z", "total_count": 1, "discount": "0.00", "order_total": "472.00", "grand_total": "472.00", "original_wallet": "", "stripe_pid": ""}}, {"model": "checkout.order", "pk": 11, "fields": {"order_number": "00944656DE644B7FB2B957A174BC44C5", "user_profile": null, "full_name": "test", "email": "test@test.com", "phone_number": "07123456789", "town_or_city": "Camberley", "country": "UK", "date": "2022-05-06T07:56:35.452Z", "total_count": 5, "discount": "265.00", "order_total": "1325.00", "grand_total": "1060.00", "original_wallet": "", "stripe_pid": ""}}, {"model": "checkout.order", "pk": 12, "fields": {"order_number": "8CD9CEE0930D4DE2B542AAB37D8F7E7B", "user_profile": null, "full_name": "test", "email": "test@test.com", "phone_number": "07123456789", "town_or_city": "Camberley", "country": "UK", "date": "2022-05-06T07:57:43.634Z", "total_count": 6, "discount": "451.20", "order_total": "2256.00", "grand_total": "1804.80", "original_wallet": "", "stripe_pid": ""}}, {"model": "checkout.order", "pk": 13, "fields": {"order_number": "530E2EFF2081456EB953D186D2064D30", "user_profile": null, "full_name": "test", "email": "test@test.com", "phone_number": "07123456789", "town_or_city": "Camberley", "country": "UK", "date": "2022-05-06T08:04:20.991Z", "total_count": 4, "discount": "0.00", "order_total": "1060.00", "grand_total": "1060.00", "original_wallet": "", "stripe_pid": ""}}, {"model": "checkout.order", "pk": 14, "fields": {"order_number": "AF395747A59B4C81839CE36E323AFDE6", "user_profile": null, "full_name": "test", "email": "test@test.com", "phone_number": "07123456789", "town_or_city": "Camberley", "country": "UK", "date": "2022-05-06T08:05:46.949Z", "total_count": 3, "discount": "0.00", "order_total": "1128.00", "grand_total": "1128.00", "original_wallet": "", "stripe_pid": ""}}, {"model": "checkout.order", "pk": 15, "fields": {"order_number": "D434DCF5FBDC463EAF97F6F930F9E155", "user_profile": null, "full_name": "test", "email": "test@test.com", "phone_number": "07123456789", "town_or_city": "Camberley", "country": "UK", "date": "2022-05-06T08:08:42.008Z", "total_count": 1, "discount": "0.00", "order_total": "472.00", "grand_total": "472.00", "original_wallet": "", "stripe_pid": ""}}, {"model": "checkout.order", "pk": 16, "fields": {"order_number": "86872BAC499B40389DED29A11E3C17BF", "user_profile": null, "full_name": "test", "email": "test@test.com", "phone_number": "07123456789", "town_or_city": "Camberley", "country": "UK", "date": "2022-05-06T08:09:34.402Z", "total_count": 2, "discount": "0.00", "order_total": "944.00", "grand_total": "944.00", "original_wallet": "", "stripe_pid": ""}}, {"model": "checkout.order", "pk": 17, "fields": {"order_number": "200874446F7E44AA9BF7AB0B8D3BBB91", "user_profile": null, "full_name": "Luke Munsch", "email": "lpmunsch@gmail.com", "phone_number": "07584651987", "town_or_city": "Camberley", "country": "UK", "date": "2022-05-06T10:54:08.687Z", "total_count": 6, "discount": "715.20", "order_total": "3576.00", "grand_total": "2860.80", "original_wallet": "", "stripe_pid": ""}}, {"model": "checkout.order", "pk": 18, "fields": {"order_number": "7291C06A7BEF4B8797B65ECD29EC67BF", "user_profile": null, "full_name": "test", "email": "test@test.com", "phone_number": "07123456789", "town_or_city": "Camberley", "country": "GB", "date": "2022-05-06T13:13:19.133Z", "total_count": 2, "discount": "0.00", "order_total": "530.00", "grand_total": "530.00", "original_wallet": "", "stripe_pid": ""}}, {"model": "checkout.order", "pk": 19, "fields": {"order_number": "A3999C5213D24A56A4EF01A2EB598FC3", "user_profile": null, "full_name": "test", "email": "test@test.com", "phone_number": "07123456789", "town_or_city": "testvill", "country": "GB", "date": "2022-05-06T13:14:55.093Z", "total_count": 2, "discount": "0.00", "order_total": "530.00", "grand_total": "530.00", "original_wallet": "", "stripe_pid": ""}}, {"model": "checkout.order", "pk": 20, "fields": {"order_number": "1154FAD647C94B05A1CCF188330F56D5", "user_profile": null, "full_name": "test", "email": "test@test.com", "phone_number": "07123456789", "town_or_city": "testville", "country": "GB", "date": "2022-05-06T13:15:58.834Z", "total_count": 3, "discount": "0.00", "order_total": "897.00", "grand_total": "897.00", "original_wallet": "", "stripe_pid": ""}}, {"model": "checkout.order", "pk": 21, "fields": {"order_number": "817E1D7B7149421E9F749CF4A037F8C3", "user_profile": null, "full_name": "luke", "email": "test@test.com", "phone_number": "07123456789", "town_or_city": "Camberley", "country": "GB", "date": "2022-05-06T14:53:58.431Z", "total_count": 2, "discount": "0.00", "order_total": "771.00", "grand_total": "771.00", "original_wallet": "", "stripe_pid": ""}}, {"model": "checkout.order", "pk": 22, "fields": {"order_number": "8B6964B841E547E380D2A5E35E54CDDF", "user_profile": null, "full_name": "test", "email": "test@test.com", "phone_number": "07123456789", "town_or_city": "Camberley", "country": "GB", "date": "2022-05-06T14:54:47.988Z", "total_count": 3, "discount": "0.00", "order_total": "1320.00", "grand_total": "1320.00", "original_wallet": "", "stripe_pid": ""}}, {"model": "checkout.order", "pk": 23, "fields": {"order_number": "B87E94FDE57B4AD6BF856A60EE2E3A85", "user_profile": null, "full_name": "test", "email": "test@test.com", "phone_number": "07123456789", "town_or_city": "Camberley", "country": "GB", "date": "2022-05-06T15:16:01.852Z", "total_count": 3, "discount": "0.00", "order_total": "897.00", "grand_total": "897.00", "original_wallet": "", "stripe_pid": ""}}, {"model": "checkout.order", "pk": 24, "fields": {"order_number": "1699279C77EA439A936AB7330479520B", "user_profile": null, "full_name": "test", "email": "test@test.com", "phone_number": "07123456789", "town_or_city": "Camberley", "country": "GB", "date": "2022-05-06T15:19:32.603Z", "total_count": 5, "discount": "498.00", "order_total": "2490.00", "grand_total": "1992.00", "original_wallet": "", "stripe_pid": ""}}, {"model": "checkout.order", "pk": 25, "fields": {"order_number": "76B7B6985CEB4CD6920B9B677841F728", "user_profile": null, "full_name": "test", "email": "test@test.com", "phone_number": "07123456789", "town_or_city": "Camberley", "country": "GB", "date": "2022-05-06T15:24:04.691Z", "total_count": 2, "discount": "0.00", "order_total": "944.00", "grand_total": "944.00", "original_wallet": "", "stripe_pid": ""}}, {"model": "checkout.order", "pk": 26, "fields": {"order_number": "AE2B3BD093BF4DF995B4CD8C16FFBB79", "user_profile": null, "full_name": "test", "email": "test@test.com", "phone_number": "07123456789", "town_or_city": "Camberley", "country": "GB", "date": "2022-05-06T15:45:59.626Z", "total_count": 9, "discount": "490.60", "order_total": "2453.00", "grand_total": "1962.40", "original_wallet": "", "stripe_pid": ""}}, {"model": "checkout.order", "pk": 27, "fields": {"order_number": "D3929D4ABAE04160869D9FBEDB512668", "user_profile": null, "full_name": "test", "email": "test@test.com", "phone_number": "07123456789", "town_or_city": "Camberley", "country": "GB", "date": "2022-05-06T16:30:19.716Z", "total_count": 3, "discount": "0.00", "order_total": "1416.00", "grand_total": "1416.00", "original_wallet": "{\"4\": 3}", "stripe_pid": "pi_3KwU2QCFZ5MUgwOy0dSsbrWL"}}, {"model": "checkout.order", "pk": 28, "fields": {"order_number": "418E433B771446CD8FE4FED897C4C85E", "user_profile": null, "full_name": "test", "email": "test@test.com", "phone_number": "07123456789", "town_or_city": "Camberley", "country": "GB", "date": "2022-05-06T16:35:28.735Z", "total_count": 1, "discount": "0.00", "order_total": "265.00", "grand_total": "265.00", "original_wallet": "{\"1\": 1}", "stripe_pid": "pi_3KwU7YCFZ5MUgwOy0qJJCTFi"}}, {"model": "checkout.order", "pk": 29, "fields": {"order_number": "1A05146636A3424C82B00C54C57D531E", "user_profile": null, "full_name": "luke", "email": "test@test.com", "phone_number": "07123456789", "town_or_city": "Camberley", "country": "GB", "date": "2022-05-06T16:58:10.597Z", "total_count": 5, "discount": "267.40", "order_total": "1337.00", "grand_total": "1069.60", "original_wallet": "{\"5\": 3, \"2\": 1, \"1\": 1}", "stripe_pid": "pi_3KwUTFCFZ5MUgwOy0l1OJD9L"}}, {"model": "checkout.order", "pk": 30, "fields": {"order_number": "ABD845B075C64F3BA5E43F4B33CBA5FF", "user_profile": null, "full_name": "test", "email": "test@test.com", "phone_number": "07123456789", "town_or_city": "Camberley", "country": "AL", "date": "2022-05-06T17:03:39.375Z", "total_count": 1, "discount": "0.00", "order_total": "378.00", "grand_total": "378.00", "original_wallet": "{\"10\": 1}", "stripe_pid": "pi_3KwUYoCFZ5MUgwOy10s6DabY"}}, {"model": "checkout.order", "pk": 31, "fields": {"order_number": "25569B1D571A444E8A88F212AE792201", "user_profile": 2, "full_name": "sammy", "email": "sammy@test.com", "phone_number": "07123456654", "town_or_city": "testville", "country": "CR", "date": "2022-05-06T20:04:03.301Z", "total_count": 5, "discount": "393.60", "order_total": "1968.00", "grand_total": "1574.40", "original_wallet": "{\"9\": 3, \"8\": 2}", "stripe_pid": "pi_3KwXMkCFZ5MUgwOy02yeIZ1M"}}, {"model": "checkout.order", "pk": 32, "fields": {"order_number": "26206E7217734DBDA2AE284146D95B2E", "user_profile": null, "full_name": "test", "email": "test@test.com", "phone_number": "07123456789", "town_or_city": "Camberley", "country": "AL", "date": "2022-05-06T20:11:53.656Z", "total_count": 4, "discount": "0.00", "order_total": "1992.00", "grand_total": "1992.00", "original_wallet": "{\"12\": 4}", "stripe_pid": "pi_3KwXSYCFZ5MUgwOy0Hyc4uVn"}}, {"model": "checkout.order", "pk": 33, "fields": {"order_number": "50E457E9B8C6476EB9EE29C93E68873E", "user_profile": 1, "full_name": "Luke Munsch", "email": "lpmunsch@gmail.com", "phone_number": "07584651987", "town_or_city": "Camberley", "country": "GB", "date": "2022-05-07T21:46:09.690Z", "total_count": 8, "discount": "801.60", "order_total": "4008.00", "grand_total": "3206.40", "original_wallet": "{\"4\": 2, \"2\": 1, \"11\": 3, \"8\": 2}", "stripe_pid": "pi_3KwvRPCFZ5MUgwOy1eZw2xmP"}}, {"model": "checkout.order", "pk": 34, "fields": {"order_number": "F4B69CE8D95943F3AD2ED07B4491EB8D", "user_profile": 1, "full_name": "Luke Munsch", "email": "lpmunsch@gmail.com", "phone_number": "07584651987", "town_or_city": "Camberley", "country": "GB", "date": "2022-05-07T21:57:38.130Z", "total_count": 1, "discount": "0.00", "order_total": "265.00", "grand_total": "265.00", "original_wallet": "{\"1\": 1}", "stripe_pid": "pi_3KwvcACFZ5MUgwOy1CUdiiM7"}}, {"model": "checkout.order", "pk": 35, "fields": {"order_number": "9C9352D6C9174D57834EE86906C600D2", "user_profile": 1, "full_name": "Luke Munsch", "email": "lpmunsch@gmail.com", "phone_number": "07584651987", "town_or_city": "Farnborough", "country": "AS", "date": "2022-05-07T22:23:22.306Z", "total_count": 7, "discount": "418.60", "order_total": "2093.00", "grand_total": "1674.40", "original_wallet": "{\"3\": 7}", "stripe_pid": "pi_3Kww1OCFZ5MUgwOy0jCUn7l4"}}, {"model": "checkout.order", "pk": 36, "fields": {"order_number": "C977DABAF43846D28306C7465405FC38", "user_profile": 1, "full_name": "Luke Munsch", "email": "lpmunsch@gmail.com", "phone_number": "07584651987", "town_or_city": "Camberley", "country": "GB", "date": "2022-05-07T22:29:46.549Z", "total_count": 9, "discount": "776.00", "order_total": "3880.00", "grand_total": "3104.00", "original_wallet": "{\"1\": 2, \"4\": 2, \"7\": 2, \"12\": 3}", "stripe_pid": "pi_3Kww7kCFZ5MUgwOy145RoQNS"}}, {"model": "checkout.order", "pk": 37, "fields": {"order_number": "086E3965F1854325BC1C12C643B28265", "user_profile": 1, "full_name": "Luke mUNSCH", "email": "lpmunsch@gmail.com", "phone_number": "07584651987", "town_or_city": "Camberley", "country": "GB", "date": "2022-05-08T19:06:13.550Z", "total_count": 1, "discount": "0.00", "order_total": "265.00", "grand_total": "265.00", "original_wallet": "{\"1\": 1}", "stripe_pid": "pi_3KxFPoCFZ5MUgwOy1HOx180F"}}, {"model": "checkout.order", "pk": 38, "fields": {"order_number": "26B8CBF27B4D4C35AF28880CD8E5EF99", "user_profile": 1, "full_name": "Luke Munsch", "email": "lpmunsch@gmail.com", "phone_number": "07584651987", "town_or_city": "Camberley", "country": "GB", "date": "2022-05-08T19:10:36.281Z", "total_count": 2, "discount": "0.00", "order_total": "756.00", "grand_total": "756.00", "original_wallet": "{\"10\": 2}", "stripe_pid": "pi_3KxFUcCFZ5MUgwOy1rw1Xpip"}}, {"model": "checkout.order", "pk": 39, "fields": {"order_number": "D26CB5D058704B759C39D7083D1EBB7F", "user_profile": 1, "full_name": "Luke Munsch", "email": "lpmunsch@gmail.com", "phone_number": "07584651987", "town_or_city": "Camberley", "country": "GB", "date": "2022-05-08T19:23:45.670Z", "total_count": 3, "discount": "0.00", "order_total": "1128.00", "grand_total": "1128.00", "original_wallet": "{\"2\": 3}", "stripe_pid": "pi_3KxFhBCFZ5MUgwOy1oOjI080"}}, {"model": "checkout.order", "pk": 40, "fields": {"order_number": "D0CB056D1FB84B56B1F1CB5CA2711B65", "user_profile": 1, "full_name": "Luke Munsch", "email": "lpmunsch@gmail.com", "phone_number": "07584651987", "town_or_city": "Camberley", "country": "GB", "date": "2022-05-08T20:02:26.910Z", "total_count": 6, "discount": "506.60", "order_total": "2533.00", "grand_total": "2026.40", "original_wallet": "{\"3\": 1, \"4\": 2, \"7\": 2, \"10\": 1}", "stripe_pid": "pi_3KxGIrCFZ5MUgwOy1ItQh1Ex"}}, {"model": "checkout.order", "pk": 41, "fields": {"order_number": "9F469F807C2848F2AE607E9959D2241E", "user_profile": 1, "full_name": "Luke Munsch", "email": "lpmunsch@gmail.com", "phone_number": "07584651987", "town_or_city": "Camberley", "country": "GB", "date": "2022-05-08T20:04:08.707Z", "total_count": 5, "discount": "752.00", "order_total": "3760.00", "grand_total": "3008.00", "original_wallet": "{\"11\": 5}", "stripe_pid": "pi_3KxGKBCFZ5MUgwOy0vhAYGeO"}}, {"model": "checkout.order", "pk": 42, "fields": {"order_number": "885864B1E40945CCB8E80841840DBA5A", "user_profile": 1, "full_name": "Luke Munsch", "email": "lpmunsch@gmail.com", "phone_number": "07584651987", "town_or_city": "Camberley", "country": "GB", "date": "2022-05-08T20:18:15.784Z", "total_count": 8, "discount": "601.60", "order_total": "3008.00", "grand_total": "2406.40", "original_wallet": "{\"2\": 8}", "stripe_pid": "pi_3KxGYDCFZ5MUgwOy0vdbUR4b"}}, {"model": "checkout.order", "pk": 43, "fields": {"order_number": "313CCE3347C644D8B86EF8AFE317A586", "user_profile": 2, "full_name": "Sammy Munsch", "email": "sammy.munsch17@gmail.com", "phone_number": "07933933993", "town_or_city": "Cambrley", "country": "GB", "date": "2022-05-09T19:46:07.186Z", "total_count": 4, "discount": "0.00", "order_total": "928.00", "grand_total": "928.00", "original_wallet": "{\"5\": 4}", "stripe_pid": "pi_3KxcWKCFZ5MUgwOy0O2Ewkz3"}}, {"model": "checkout.order", "pk": 44, "fields": {"order_number": "8B8F061831F24CD3A6D49970B4B6F917", "user_profile": null, "full_name": "Tutor Man", "email": "tutor@ci.net", "phone_number": "5555555", "town_or_city": "Cityville", "country": "GI", "date": "2022-05-09T20:02:24.458Z", "total_count": 1, "discount": "0.00", "order_total": "265.00", "grand_total": "265.00", "original_wallet": "{\"1\": 1}", "stripe_pid": "pi_3Kxcm7CFZ5MUgwOy19bqVisM"}}, {"model": "checkout.order", "pk": 45, "fields": {"order_number": "93981DE3C6974701AC1758C3BB0C5E9B", "user_profile": null, "full_name": "Tutor Man", "email": "tutor@ci.net", "phone_number": "555555555", "town_or_city": "Townsville", "country": "AF", "date": "2022-05-09T20:09:11.714Z", "total_count": 1, "discount": "0.00", "order_total": "472.00", "grand_total": "472.00", "original_wallet": "{\"4\": 1}", "stripe_pid": "pi_3KxcstCFZ5MUgwOy1fIQd0HO"}}, {"model": "checkout.order", "pk": 46, "fields": {"order_number": "3EC1A63561A54FFA97679211E911426C", "user_profile": 2, "full_name": "Sammy Munsch", "email": "sammy.munsch17@gmail.com", "phone_number": "07933933993", "town_or_city": "Camberley", "country": "GB", "date": "2022-05-09T20:17:33.229Z", "total_count": 1, "discount": "0.00", "order_total": "265.00", "grand_total": "265.00", "original_wallet": "{\"1\": 1}", "stripe_pid": "pi_3Kxd11CFZ5MUgwOy1pzCCQOI"}}, {"model": "checkout.order", "pk": 47, "fields": {"order_number": "69ADB5050CD94D80B553853D2FCA2CBA", "user_profile": 1, "full_name": "Luke Munsch", "email": "lpmunsch@gmail.com", "phone_number": "07584651987", "town_or_city": "Camberley", "country": "GB", "date": "2022-05-09T20:23:26.084Z", "total_count": 4, "discount": "0.00", "order_total": "1888.00", "grand_total": "1888.00", "original_wallet": "{\"4\": 4}", "stripe_pid": "pi_3Kxd6SCFZ5MUgwOy1ffq0TCK"}}, {"model": "checkout.orderlineitem", "pk": 2, "fields": {"order": 4, "destination": 2, "quantity": 4, "lineitem_total": "1504.00"}}, {"model": "checkout.orderlineitem", "pk": 3, "fields": {"order": 4, "destination": 4, "quantity": 1, "lineitem_total": "472.00"}}, {"model": "checkout.orderlineitem", "pk": 4, "fields": {"order": 4, "destination": 1, "quantity": 2, "lineitem_total": "530.00"}}, {"model": "checkout.orderlineitem", "pk": 5, "fields": {"order": 5, "destination": 2, "quantity": 4, "lineitem_total": "1504.00"}}, {"model": "checkout.orderlineitem", "pk": 6, "fields": {"order": 5, "destination": 4, "quantity": 1, "lineitem_total": "472.00"}}, {"model": "checkout.orderlineitem", "pk": 7, "fields": {"order": 5, "destination": 1, "quantity": 2, "lineitem_total": "530.00"}}, {"model": "checkout.orderlineitem", "pk": 8, "fields": {"order": 6, "destination": 1, "quantity": 9, "lineitem_total": "2385.00"}}, {"model": "checkout.orderlineitem", "pk": 9, "fields": {"order": 7, "destination": 3, "quantity": 5, "lineitem_total": "1495.00"}}, {"model": "checkout.orderlineitem", "pk": 10, "fields": {"order": 8, "destination": 5, "quantity": 1, "lineitem_total": "232.00"}}, {"model": "checkout.orderlineitem", "pk": 11, "fields": {"order": 9, "destination": 12, "quantity": 5, "lineitem_total": "2490.00"}}, {"model": "checkout.orderlineitem", "pk": 12, "fields": {"order": 10, "destination": 4, "quantity": 1, "lineitem_total": "472.00"}}, {"model": "checkout.orderlineitem", "pk": 13, "fields": {"order": 11, "destination": 1, "quantity": 5, "lineitem_total": "1325.00"}}, {"model": "checkout.orderlineitem", "pk": 14, "fields": {"order": 12, "destination": 2, "quantity": 6, "lineitem_total": "2256.00"}}, {"model": "checkout.orderlineitem", "pk": 15, "fields": {"order": 13, "destination": 1, "quantity": 4, "lineitem_total": "1060.00"}}, {"model": "checkout.orderlineitem", "pk": 16, "fields": {"order": 14, "destination": 2, "quantity": 3, "lineitem_total": "1128.00"}}, {"model": "checkout.orderlineitem", "pk": 17, "fields": {"order": 15, "destination": 4, "quantity": 1, "lineitem_total": "472.00"}}, {"model": "checkout.orderlineitem", "pk": 18, "fields": {"order": 16, "destination": 4, "quantity": 2, "lineitem_total": "944.00"}}, {"model": "checkout.orderlineitem", "pk": 19, "fields": {"order": 17, "destination": 4, "quantity": 2, "lineitem_total": "944.00"}}, {"model": "checkout.orderlineitem", "pk": 20, "fields": {"order": 17, "destination": 2, "quantity": 1, "lineitem_total": "376.00"}}, {"model": "checkout.orderlineitem", "pk": 21, "fields": {"order": 17, "destination": 11, "quantity": 3, "lineitem_total": "2256.00"}}, {"model": "checkout.orderlineitem", "pk": 22, "fields": {"order": 18, "destination": 1, "quantity": 2, "lineitem_total": "530.00"}}, {"model": "checkout.orderlineitem", "pk": 23, "fields": {"order": 19, "destination": 1, "quantity": 2, "lineitem_total": "530.00"}}, {"model": "checkout.orderlineitem", "pk": 24, "fields": {"order": 20, "destination": 3, "quantity": 3, "lineitem_total": "897.00"}}, {"model": "checkout.orderlineitem", "pk": 25, "fields": {"order": 21, "destination": 3, "quantity": 1, "lineitem_total": "299.00"}}, {"model": "checkout.orderlineitem", "pk": 26, "fields": {"order": 21, "destination": 4, "quantity": 1, "lineitem_total": "472.00"}}, {"model": "checkout.orderlineitem", "pk": 27, "fields": {"order": 22, "destination": 2, "quantity": 1, "lineitem_total": "376.00"}}, {"model": "checkout.orderlineitem", "pk": 28, "fields": {"order": 22, "destination": 4, "quantity": 2, "lineitem_total": "944.00"}}, {"model": "checkout.orderlineitem", "pk": 29, "fields": {"order": 23, "destination": 3, "quantity": 3, "lineitem_total": "897.00"}}, {"model": "checkout.orderlineitem", "pk": 30, "fields": {"order": 24, "destination": 12, "quantity": 5, "lineitem_total": "2490.00"}}, {"model": "checkout.orderlineitem", "pk": 31, "fields": {"order": 25, "destination": 4, "quantity": 2, "lineitem_total": "944.00"}}, {"model": "checkout.orderlineitem", "pk": 32, "fields": {"order": 26, "destination": 1, "quantity": 7, "lineitem_total": "1855.00"}}, {"model": "checkout.orderlineitem", "pk": 33, "fields": {"order": 26, "destination": 3, "quantity": 2, "lineitem_total": "598.00"}}, {"model": "checkout.orderlineitem", "pk": 34, "fields": {"order": 27, "destination": 4, "quantity": 3, "lineitem_total": "1416.00"}}, {"model": "checkout.orderlineitem", "pk": 35, "fields": {"order": 28, "destination": 1, "quantity": 1, "lineitem_total": "265.00"}}, {"model": "checkout.orderlineitem", "pk": 36, "fields": {"order": 29, "destination": 5, "quantity": 3, "lineitem_total": "696.00"}}, {"model": "checkout.orderlineitem", "pk": 37, "fields": {"order": 29, "destination": 2, "quantity": 1, "lineitem_total": "376.00"}}, {"model": "checkout.orderlineitem", "pk": 38, "fields": {"order": 29, "destination": 1, "quantity": 1, "lineitem_total": "265.00"}}, {"model": "checkout.orderlineitem", "pk": 39, "fields": {"order": 30, "destination": 10, "quantity": 1, "lineitem_total": "378.00"}}, {"model": "checkout.orderlineitem", "pk": 40, "fields": {"order": 31, "destination": 9, "quantity": 3, "lineitem_total": "1536.00"}}, {"model": "checkout.orderlineitem", "pk": 41, "fields": {"order": 31, "destination": 8, "quantity": 2, "lineitem_total": "432.00"}}, {"model": "checkout.orderlineitem", "pk": 42, "fields": {"order": 32, "destination": 12, "quantity": 4, "lineitem_total": "1992.00"}}, {"model": "checkout.orderlineitem", "pk": 43, "fields": {"order": 33, "destination": 4, "quantity": 2, "lineitem_total": "944.00"}}, {"model": "checkout.orderlineitem", "pk": 44, "fields": {"order": 33, "destination": 2, "quantity": 1, "lineitem_total": "376.00"}}, {"model": "checkout.orderlineitem", "pk": 45, "fields": {"order": 33, "destination": 11, "quantity": 3, "lineitem_total": "2256.00"}}, {"model": "checkout.orderlineitem", "pk": 46, "fields": {"order": 33, "destination": 8, "quantity": 2, "lineitem_total": "432.00"}}, {"model": "checkout.orderlineitem", "pk": 47, "fields": {"order": 34, "destination": 1, "quantity": 1, "lineitem_total": "265.00"}}, {"model": "checkout.orderlineitem", "pk": 48, "fields": {"order": 35, "destination": 3, "quantity": 7, "lineitem_total": "2093.00"}}, {"model": "checkout.orderlineitem", "pk": 49, "fields": {"order": 36, "destination": 1, "quantity": 2, "lineitem_total": "530.00"}}, {"model": "checkout.orderlineitem", "pk": 50, "fields": {"order": 36, "destination": 4, "quantity": 2, "lineitem_total": "944.00"}}, {"model": "checkout.orderlineitem", "pk": 51, "fields": {"order": 36, "destination": 7, "quantity": 2, "lineitem_total": "912.00"}}, {"model": "checkout.orderlineitem", "pk": 52, "fields": {"order": 36, "destination": 12, "quantity": 3, "lineitem_total": "1494.00"}}, {"model": "checkout.orderlineitem", "pk": 53, "fields": {"order": 37, "destination": 1, "quantity": 1, "lineitem_total": "265.00"}}, {"model": "checkout.orderlineitem", "pk": 54, "fields": {"order": 38, "destination": 10, "quantity": 2, "lineitem_total": "756.00"}}, {"model": "checkout.orderlineitem", "pk": 55, "fields": {"order": 39, "destination": 2, "quantity": 3, "lineitem_total": "1128.00"}}, {"model": "checkout.orderlineitem", "pk": 56, "fields": {"order": 40, "destination": 3, "quantity": 1, "lineitem_total": "299.00"}}, {"model": "checkout.orderlineitem", "pk": 57, "fields": {"order": 40, "destination": 4, "quantity": 2, "lineitem_total": "944.00"}}, {"model": "checkout.orderlineitem", "pk": 58, "fields": {"order": 40, "destination": 7, "quantity": 2, "lineitem_total": "912.00"}}, {"model": "checkout.orderlineitem", "pk": 59, "fields": {"order": 40, "destination": 10, "quantity": 1, "lineitem_total": "378.00"}}, {"model": "checkout.orderlineitem", "pk": 60, "fields": {"order": 41, "destination": 11, "quantity": 5, "lineitem_total": "3760.00"}}, {"model": "checkout.orderlineitem", "pk": 61, "fields": {"order": 42, "destination": 2, "quantity": 8, "lineitem_total": "3008.00"}}, {"model": "checkout.orderlineitem", "pk": 62, "fields": {"order": 43, "destination": 5, "quantity": 4, "lineitem_total": "928.00"}}, {"model": "checkout.orderlineitem", "pk": 63, "fields": {"order": 44, "destination": 1, "quantity": 1, "lineitem_total": "265.00"}}, {"model": "checkout.orderlineitem", "pk": 64, "fields": {"order": 45, "destination": 4, "quantity": 1, "lineitem_total": "472.00"}}, {"model": "checkout.orderlineitem", "pk": 65, "fields": {"order": 46, "destination": 1, "quantity": 1, "lineitem_total": "265.00"}}, {"model": "checkout.orderlineitem", "pk": 66, "fields": {"order": 47, "destination": 4, "quantity": 4, "lineitem_total": "1888.00"}}, {"model": "profiles.userprofile", "pk": 1, "fields": {"user": 1, "default_phone_number": "07584651987", "default_town_or_city": "Camberley", "default_country": "GB"}}, {"model": "profiles.userprofile", "pk": 2, "fields": {"user": 2, "default_phone_number": "07933933993", "default_town_or_city": "Camberley", "default_country": "GB"}}]